name,email,subject_1,body_1,subject_2,body_2,subject_3,body_3
Лендинг.ру,ask@landing.ru,Откуда у вас новые B2B-клиенты?,"Здравствуйте!

Разработка лендингов в Москве по выгодным ценам, включая тестирование и оптимизацию для повышения бизнес-показателей. Поэтому пишу именно вам, а не рассылаю по всей базе подряд.

Мы в Polza Agency настраиваем холодный email-аутрич под ключ: от сбора базы под вашу ЦА до писем, которые реально открывают и на них отвечают. Клиенты получают входящие заявки на встречи без найма ещё одного продавца.

Если сейчас лидогенерация держится на входящих с сайта или рекомендациях — это тот кусок, который можно закрыть системно.

Есть 15 минут на короткий созвон на этой неделе — покажу, как это выглядит на практике?

Если не хотите получать такие письма — ответьте «не пишите больше», и я уберу вас из базы.","ещё один пример, вдруг актуальнее","Возвращаюсь с другого угла — ещё один заход, вдруг он окажется актуальнее.

Часто отдел продаж тратит половину времени не на переговоры, а на поиск, кому вообще писать. Мы берём это на себя: сбор базы, персонализация, цепочка писем — на выходе не список контактов, а уже тёплые ответы в почте.

Не буду называть цифры по чужим прогонам — их всё равно не проверить со стороны. Могу вместо этого показать сам процесс: как собираем базу под вашу нишу и почему пишем именно этой компании, а не всем подряд.

Если тема резонирует — готова показать, как это можно настроить под вас конкретно, без обязательств.

Если не хотите получать такие письма — ответьте «не пишите больше», и я уберу вас из базы.",закрываю тему с моей стороны,"Не хочу быть навязчивой — это последнее письмо от меня по этой теме.

Если сейчас не время думать про новый канал лидогенерации — полностью понимаю, оставлю вас в покое.

Если всё же интересно посмотреть, как холодный аутрич может выглядеть у вас — просто ответьте одним словом ""интересно"", и я пришлю короткий пример без долгих созвонов.

Спасибо, что дочитали до третьего письма — это уже неплохой знак :)

Если не хотите получать такие письма — просто не отвечайте, я больше не побеспокою."
Neurobrand,info@neuro-brand.ru,Откуда у вас новые B2B-клиенты?,"Здравствуйте!

Нейробренд с 2015 года использует собственное оборудование: стационарный и мобильный Eye-tracker, 16-канальный ЭЭГ, приборы для измерения КГР и ЧСС, а также модуль тестирования торгового пространства. Поэтому пишу именно вам, а не рассылаю по всей базе подряд.

Мы в Polza Agency настраиваем холодный email-аутрич под ключ: от сбора базы под вашу ЦА до писем, которые реально открывают и на них отвечают. Клиенты получают входящие заявки на встречи без найма ещё одного продавца.

Если сейчас лидогенерация держится на входящих с сайта или рекомендациях — это тот кусок, который можно закрыть системно.

Есть 15 минут на короткий созвон на этой неделе — покажу, как это выглядит на практике?

Если не хотите получать такие письма — ответьте «не пишите больше», и я уберу вас из базы.","ещё один пример, вдруг актуальнее","Возвращаюсь с другого угла — ещё один заход, вдруг он окажется актуальнее.

Часто отдел продаж тратит половину времени не на переговоры, а на поиск, кому вообще писать. Мы берём это на себя: сбор базы, персонализация, цепочка писем — на выходе не список контактов, а уже тёплые ответы в почте.

Не буду называть цифры по чужим прогонам — их всё равно не проверить со стороны. Могу вместо этого показать сам процесс: как собираем базу под вашу нишу и почему пишем именно этой компании, а не всем подряд.

Если тема резонирует — готова показать, как это можно настроить под вас конкретно, без обязательств.

Если не хотите получать такие письма — ответьте «не пишите больше», и я уберу вас из базы.",закрываю тему с моей стороны,"Не хочу быть навязчивой — это последнее письмо от меня по этой теме.

Если сейчас не время думать про новый канал лидогенерации — полностью понимаю, оставлю вас в покое.

Если всё же интересно посмотреть, как холодный аутрич может выглядеть у вас — просто ответьте одним словом ""интересно"", и я пришлю короткий пример без долгих созвонов.

Спасибо, что дочитали до третьего письма — это уже неплохой знак :)

Если не хотите получать такие письма — просто не отвечайте, я больше не побеспокою."
Walnut Team,intouch@walnut.team,Откуда у вас новые B2B-клиенты?,"Здравствуйте!

Компания Walnut team предоставляет полный цикл создания бренда – от разработки логотипа до запуска информационного ресурса, а также использует все методы продвижения для привлечения целевой аудитории. Их офис находится по адресу Москва, Бибиревская д. 2 к. 1, 4 этаж, офис 17. Поэтому пишу именно вам, а не рассылаю по всей базе подряд.

Мы в Polza Agency настраиваем холодный email-аутрич под ключ: от сбора базы под вашу ЦА до писем, которые реально открывают и на них отвечают. Клиенты получают входящие заявки на встречи без найма ещё одного продавца.

Если сейчас лидогенерация держится на входящих с сайта или рекомендациях — это тот кусок, который можно закрыть системно.

Есть 15 минут на короткий созвон на этой неделе — покажу, как это выглядит на практике?

Если не хотите получать такие письма — ответьте «не пишите больше», и я уберу вас из базы.","ещё один пример, вдруг актуальнее","Возвращаюсь с другого угла — ещё один заход, вдруг он окажется актуальнее.

Часто отдел продаж тратит половину времени не на переговоры, а на поиск, кому вообще писать. Мы берём это на себя: сбор базы, персонализация, цепочка писем — на выходе не список контактов, а уже тёплые ответы в почте.

Не буду называть цифры по чужим прогонам — их всё равно не проверить со стороны. Могу вместо этого показать сам процесс: как собираем базу под вашу нишу и почему пишем именно этой компании, а не всем подряд.

Если тема резонирует — готова показать, как это можно настроить под вас конкретно, без обязательств.

Если не хотите получать такие письма — ответьте «не пишите больше», и я уберу вас из базы.",закрываю тему с моей стороны,"Не хочу быть навязчивой — это последнее письмо от меня по этой теме.

Если сейчас не время думать про новый канал лидогенерации — полностью понимаю, оставлю вас в покое.

Если всё же интересно посмотреть, как холодный аутрич может выглядеть у вас — просто ответьте одним словом ""интересно"", и я пришлю короткий пример без долгих созвонов.

Спасибо, что дочитали до третьего письма — это уже неплохой знак :)

Если не хотите получать такие письма — просто не отвечайте, я больше не побеспокою."
ArbaletWeb,support@arbaletweb.ru,Откуда у вас новые B2B-клиенты?,"Здравствуйте!

Компания ArbaletWeb предлагает более 500 готовых адаптивных решений для сайтов и уже реализовала проекты от гостиничных порталов в Чемале до интернет-магазинов полуфабрикатов и тематических сайтов о здоровье. Поэтому пишу именно вам, а не рассылаю по всей базе подряд.

Мы в Polza Agency настраиваем холодный email-аутрич под ключ: от сбора базы под вашу ЦА до писем, которые реально открывают и на них отвечают. Клиенты получают входящие заявки на встречи без найма ещё одного продавца.

Если сейчас лидогенерация держится на входящих с сайта или рекомендациях — это тот кусок, который можно закрыть системно.

Есть 15 минут на короткий созвон на этой неделе — покажу, как это выглядит на практике?

Если не хотите получать такие письма — ответьте «не пишите больше», и я уберу вас из базы.","ещё один пример, вдруг актуальнее","Возвращаюсь с другого угла — ещё один заход, вдруг он окажется актуальнее.

Часто отдел продаж тратит половину времени не на переговоры, а на поиск, кому вообще писать. Мы берём это на себя: сбор базы, персонализация, цепочка писем — на выходе не список контактов, а уже тёплые ответы в почте.

Не буду называть цифры по чужим прогонам — их всё равно не проверить со стороны. Могу вместо этого показать сам процесс: как собираем базу под вашу нишу и почему пишем именно этой компании, а не всем подряд.

Если тема резонирует — готова показать, как это можно настроить под вас конкретно, без обязательств.

Если не хотите получать такие письма — ответьте «не пишите больше», и я уберу вас из базы.",закрываю тему с моей стороны,"Не хочу быть навязчивой — это последнее письмо от меня по этой теме.

Если сейчас не время думать про новый канал лидогенерации — полностью понимаю, оставлю вас в покое.

Если всё же интересно посмотреть, как холодный аутрич может выглядеть у вас — просто ответьте одним словом ""интересно"", и я пришлю короткий пример без долгих созвонов.

Спасибо, что дочитали до третьего письма — это уже неплохой знак :)

Если не хотите получать такие письма — просто не отвечайте, я больше не побеспокою."
Tebiz Group,order@tebiz.ru,Откуда у вас новые B2B-клиенты?,"Здравствуйте!

Компания Tebiz Group с 2011 года предоставляет маркетинговые исследования, и более 2500 компаний уже используют их отчёты для анализа позиций игроков рынка и прогнозов. Поэтому пишу именно вам, а не рассылаю по всей базе подряд.

Мы в Polza Agency настраиваем холодный email-аутрич под ключ: от сбора базы под вашу ЦА до писем, которые реально открывают и на них отвечают. Клиенты получают входящие заявки на встречи без найма ещё одного продавца.

Если сейчас лидогенерация держится на входящих с сайта или рекомендациях — это тот кусок, который можно закрыть системно.

Есть 15 минут на короткий созвон на этой неделе — покажу, как это выглядит на практике?

Если не хотите получать такие письма — ответьте «не пишите больше», и я уберу вас из базы.","ещё один пример, вдруг актуальнее","Возвращаюсь с другого угла — ещё один заход, вдруг он окажется актуальнее.

Часто отдел продаж тратит половину времени не на переговоры, а на поиск, кому вообще писать. Мы берём это на себя: сбор базы, персонализация, цепочка писем — на выходе не список контактов, а уже тёплые ответы в почте.

Не буду называть цифры по чужим прогонам — их всё равно не проверить со стороны. Могу вместо этого показать сам процесс: как собираем базу под вашу нишу и почему пишем именно этой компании, а не всем подряд.

Если тема резонирует — готова показать, как это можно настроить под вас конкретно, без обязательств.

Если не хотите получать такие письма — ответьте «не пишите больше», и я уберу вас из базы.",закрываю тему с моей стороны,"Не хочу быть навязчивой — это последнее письмо от меня по этой теме.

Если сейчас не время думать про новый канал лидогенерации — полностью понимаю, оставлю вас в покое.

Если всё же интересно посмотреть, как холодный аутрич может выглядеть у вас — просто ответьте одним словом ""интересно"", и я пришлю короткий пример без долгих созвонов.

Спасибо, что дочитали до третьего письма — это уже неплохой знак :)

Если не хотите получать такие письма — просто не отвечайте, я больше не побеспокою."
Rocket Media,info@rocket-media.ru,Откуда у вас новые B2B-клиенты?,"Здравствуйте!

Пишу вам не из общей рассылки, а прицельно — увидела вас в подборке digital и маркетинговых агентств, которые сами понимают ценность лидогенерации через холодный аутрич.

Мы в Polza Agency настраиваем холодный email-аутрич под ключ: от сбора базы под вашу ЦА до писем, которые реально открывают и на них отвечают. Клиенты получают входящие заявки на встречи без найма ещё одного продавца.

Если сейчас лидогенерация держится на входящих с сайта или рекомендациях — это тот кусок, который можно закрыть системно.

Есть 15 минут на короткий созвон на этой неделе — покажу, как это выглядит на практике?

Если не хотите получать такие письма — ответьте «не пишите больше», и я уберу вас из базы.","ещё один пример, вдруг актуальнее","Возвращаюсь с другого угла — ещё один заход, вдруг он окажется актуальнее.

Часто отдел продаж тратит половину времени не на переговоры, а на поиск, кому вообще писать. Мы берём это на себя: сбор базы, персонализация, цепочка писем — на выходе не список контактов, а уже тёплые ответы в почте.

Не буду называть цифры по чужим прогонам — их всё равно не проверить со стороны. Могу вместо этого показать сам процесс: как собираем базу под вашу нишу и почему пишем именно этой компании, а не всем подряд.

Если тема резонирует — готова показать, как это можно настроить под вас конкретно, без обязательств.

Если не хотите получать такие письма — ответьте «не пишите больше», и я уберу вас из базы.",закрываю тему с моей стороны,"Не хочу быть навязчивой — это последнее письмо от меня по этой теме.

Если сейчас не время думать про новый канал лидогенерации — полностью понимаю, оставлю вас в покое.

Если всё же интересно посмотреть, как холодный аутрич может выглядеть у вас — просто ответьте одним словом ""интересно"", и я пришлю короткий пример без долгих созвонов.

Спасибо, что дочитали до третьего письма — это уже неплохой знак :)

Если не хотите получать такие письма — просто не отвечайте, я больше не побеспокою."
Osminog Project,info@osminog.biz,Откуда у вас новые B2B-клиенты?,"Здравствуйте!

Осминог — это команда, которая полностью интегрирует 1C с Bitrix24, превращая их в единую управляемую систему. Поэтому пишу именно вам, а не рассылаю по всей базе подряд.

Мы в Polza Agency настраиваем холодный email-аутрич под ключ: от сбора базы под вашу ЦА до писем, которые реально открывают и на них отвечают. Клиенты получают входящие заявки на встречи без найма ещё одного продавца.

Если сейчас лидогенерация держится на входящих с сайта или рекомендациях — это тот кусок, который можно закрыть системно.

Есть 15 минут на короткий созвон на этой неделе — покажу, как это выглядит на практике?

Если не хотите получать такие письма — ответьте «не пишите больше», и я уберу вас из базы.","ещё один пример, вдруг актуальнее","Возвращаюсь с другого угла — ещё один заход, вдруг он окажется актуальнее.

Часто отдел продаж тратит половину времени не на переговоры, а на поиск, кому вообще писать. Мы берём это на себя: сбор базы, персонализация, цепочка писем — на выходе не список контактов, а уже тёплые ответы в почте.

Не буду называть цифры по чужим прогонам — их всё равно не проверить со стороны. Могу вместо этого показать сам процесс: как собираем базу под вашу нишу и почему пишем именно этой компании, а не всем подряд.

Если тема резонирует — готова показать, как это можно настроить под вас конкретно, без обязательств.

Если не хотите получать такие письма — ответьте «не пишите больше», и я уберу вас из базы.",закрываю тему с моей стороны,"Не хочу быть навязчивой — это последнее письмо от меня по этой теме.

Если сейчас не время думать про новый канал лидогенерации — полностью понимаю, оставлю вас в покое.

Если всё же интересно посмотреть, как холодный аутрич может выглядеть у вас — просто ответьте одним словом ""интересно"", и я пришлю короткий пример без долгих созвонов.

Спасибо, что дочитали до третьего письма — это уже неплохой знак :)

Если не хотите получать такие письма — просто не отвечайте, я больше не побеспокою."
Hubes,support@hubes.ru,Откуда у вас новые B2B-клиенты?,"Здравствуйте!

Компания «Hubes» работает в сфере IT с 2020 года и уже реализовала более 30 успешных проектов – от небольших сайтов до полной цифровой трансформации компаний. Поэтому пишу именно вам, а не рассылаю по всей базе подряд.

Мы в Polza Agency настраиваем холодный email-аутрич под ключ: от сбора базы под вашу ЦА до писем, которые реально открывают и на них отвечают. Клиенты получают входящие заявки на встречи без найма ещё одного продавца.

Если сейчас лидогенерация держится на входящих с сайта или рекомендациях — это тот кусок, который можно закрыть системно.

Есть 15 минут на короткий созвон на этой неделе — покажу, как это выглядит на практике?

Если не хотите получать такие письма — ответьте «не пишите больше», и я уберу вас из базы.","ещё один пример, вдруг актуальнее","Возвращаюсь с другого угла — ещё один заход, вдруг он окажется актуальнее.

Часто отдел продаж тратит половину времени не на переговоры, а на поиск, кому вообще писать. Мы берём это на себя: сбор базы, персонализация, цепочка писем — на выходе не список контактов, а уже тёплые ответы в почте.

Не буду называть цифры по чужим прогонам — их всё равно не проверить со стороны. Могу вместо этого показать сам процесс: как собираем базу под вашу нишу и почему пишем именно этой компании, а не всем подряд.

Если тема резонирует — готова показать, как это можно настроить под вас конкретно, без обязательств.

Если не хотите получать такие письма — ответьте «не пишите больше», и я уберу вас из базы.",закрываю тему с моей стороны,"Не хочу быть навязчивой — это последнее письмо от меня по этой теме.

Если сейчас не время думать про новый канал лидогенерации — полностью понимаю, оставлю вас в покое.

Если всё же интересно посмотреть, как холодный аутрич может выглядеть у вас — просто ответьте одним словом ""интересно"", и я пришлю короткий пример без долгих созвонов.

Спасибо, что дочитали до третьего письма — это уже неплохой знак :)

Если не хотите получать такие письма — просто не отвечайте, я больше не побеспокою."
RedHelper,info@redhelper.ru,Откуда у вас новые B2B-клиенты?,"Здравствуйте!

Система RedHelper использует технологию co-browse, чтобы онлайн-консультант не навязывался клиентам и обеспечивал высокий уровень сервиса. Поэтому пишу именно вам, а не рассылаю по всей базе подряд.

Мы в Polza Agency настраиваем холодный email-аутрич под ключ: от сбора базы под вашу ЦА до писем, которые реально открывают и на них отвечают. Клиенты получают входящие заявки на встречи без найма ещё одного продавца.

Если сейчас лидогенерация держится на входящих с сайта или рекомендациях — это тот кусок, который можно закрыть системно.

Есть 15 минут на короткий созвон на этой неделе — покажу, как это выглядит на практике?

Если не хотите получать такие письма — ответьте «не пишите больше», и я уберу вас из базы.","ещё один пример, вдруг актуальнее","Возвращаюсь с другого угла — ещё один заход, вдруг он окажется актуальнее.

Часто отдел продаж тратит половину времени не на переговоры, а на поиск, кому вообще писать. Мы берём это на себя: сбор базы, персонализация, цепочка писем — на выходе не список контактов, а уже тёплые ответы в почте.

Не буду называть цифры по чужим прогонам — их всё равно не проверить со стороны. Могу вместо этого показать сам процесс: как собираем базу под вашу нишу и почему пишем именно этой компании, а не всем подряд.

Если тема резонирует — готова показать, как это можно настроить под вас конкретно, без обязательств.

Если не хотите получать такие письма — ответьте «не пишите больше», и я уберу вас из базы.",закрываю тему с моей стороны,"Не хочу быть навязчивой — это последнее письмо от меня по этой теме.

Если сейчас не время думать про новый канал лидогенерации — полностью понимаю, оставлю вас в покое.

Если всё же интересно посмотреть, как холодный аутрич может выглядеть у вас — просто ответьте одним словом ""интересно"", и я пришлю короткий пример без долгих созвонов.

Спасибо, что дочитали до третьего письма — это уже неплохой знак :)

Если не хотите получать такие письма — просто не отвечайте, я больше не побеспокою."
Brandmaker,info@brandmaker.ru,"Новицкий Сергей Владимирович, откуда у вас новые B2B-клиенты?","Привет, Новицкий Сергей Владимирович!

Более 300 клиентов по всему миру и обещание привлечь оптовых покупателей за 7 дней с гарантией. Поэтому пишу именно вам, а не рассылаю по всей базе подряд.

Мы в Polza Agency настраиваем холодный email-аутрич под ключ: от сбора базы под вашу ЦА до писем, которые реально открывают и на них отвечают. Клиенты получают входящие заявки на встречи без найма ещё одного продавца.

Если сейчас лидогенерация держится на входящих с сайта или рекомендациях — это тот кусок, который можно закрыть системно.

Есть 15 минут на короткий созвон на этой неделе — покажу, как это выглядит на практике?

Если не хотите получать такие письма — ответьте «не пишите больше», и я уберу вас из базы.","ещё один пример, вдруг актуальнее","Новицкий Сергей Владимирович, возвращаюсь с другого угла.

Часто отдел продаж тратит половину времени не на переговоры, а на поиск, кому вообще писать. Мы берём это на себя: сбор базы, персонализация, цепочка писем — на выходе не список контактов, а уже тёплые ответы в почте.

Не буду называть цифры по чужим прогонам — их всё равно не проверить со стороны. Могу вместо этого показать сам процесс: как собираем базу под вашу нишу и почему пишем именно этой компании, а не всем подряд.

Если тема резонирует — готова показать, как это можно настроить под вас конкретно, без обязательств.

Если не хотите получать такие письма — ответьте «не пишите больше», и я уберу вас из базы.",закрываю тему с моей стороны,"Новицкий Сергей Владимирович, не хочу быть навязчивой — это последнее письмо от меня по этой теме.

Если сейчас не время думать про новый канал лидогенерации — полностью понимаю, оставлю вас в покое.

Если всё же интересно посмотреть, как холодный аутрич может выглядеть у вас — просто ответьте одним словом ""интересно"", и я пришлю короткий пример без долгих созвонов.

Спасибо, что дочитали до третьего письма — это уже неплохой знак :)

Если не хотите получать такие письма — просто не отвечайте, я больше не побеспокою."
Premium-lift,info@premium-lift.ru,Откуда у вас новые B2B-клиенты?,"Здравствуйте!

Компания Premium-Lift работает в сфере рекламы уже с 2010 года и регулярно предлагает клиентам скидки до 30 %. Поэтому пишу именно вам, а не рассылаю по всей базе подряд.

Мы в Polza Agency настраиваем холодный email-аутрич под ключ: от сбора базы под вашу ЦА до писем, которые реально открывают и на них отвечают. Клиенты получают входящие заявки на встречи без найма ещё одного продавца.

Если сейчас лидогенерация держится на входящих с сайта или рекомендациях — это тот кусок, который можно закрыть системно.

Есть 15 минут на короткий созвон на этой неделе — покажу, как это выглядит на практике?

Если не хотите получать такие письма — ответьте «не пишите больше», и я уберу вас из базы.","ещё один пример, вдруг актуальнее","Возвращаюсь с другого угла — ещё один заход, вдруг он окажется актуальнее.

Часто отдел продаж тратит половину времени не на переговоры, а на поиск, кому вообще писать. Мы берём это на себя: сбор базы, персонализация, цепочка писем — на выходе не список контактов, а уже тёплые ответы в почте.

Не буду называть цифры по чужим прогонам — их всё равно не проверить со стороны. Могу вместо этого показать сам процесс: как собираем базу под вашу нишу и почему пишем именно этой компании, а не всем подряд.

Если тема резонирует — готова показать, как это можно настроить под вас конкретно, без обязательств.

Если не хотите получать такие письма — ответьте «не пишите больше», и я уберу вас из базы.",закрываю тему с моей стороны,"Не хочу быть навязчивой — это последнее письмо от меня по этой теме.

Если сейчас не время думать про новый канал лидогенерации — полностью понимаю, оставлю вас в покое.

Если всё же интересно посмотреть, как холодный аутрич может выглядеть у вас — просто ответьте одним словом ""интересно"", и я пришлю короткий пример без долгих созвонов.

Спасибо, что дочитали до третьего письма — это уже неплохой знак :)

Если не хотите получать такие письма — просто не отвечайте, я больше не побеспокою."
Джейкет,info@jcat.ru,Откуда у вас новые B2B-клиенты?,"Здравствуйте!

Размещайте вакансии сразу на нескольких площадках через сервис Джейкет. Поэтому пишу именно вам, а не рассылаю по всей базе подряд.

Мы в Polza Agency настраиваем холодный email-аутрич под ключ: от сбора базы под вашу ЦА до писем, которые реально открывают и на них отвечают. Клиенты получают входящие заявки на встречи без найма ещё одного продавца.

Если сейчас лидогенерация держится на входящих с сайта или рекомендациях — это тот кусок, который можно закрыть системно.

Есть 15 минут на короткий созвон на этой неделе — покажу, как это выглядит на практике?

Если не хотите получать такие письма — ответьте «не пишите больше», и я уберу вас из базы.","ещё один пример, вдруг актуальнее","Возвращаюсь с другого угла — ещё один заход, вдруг он окажется актуальнее.

Часто отдел продаж тратит половину времени не на переговоры, а на поиск, кому вообще писать. Мы берём это на себя: сбор базы, персонализация, цепочка писем — на выходе не список контактов, а уже тёплые ответы в почте.

Не буду называть цифры по чужим прогонам — их всё равно не проверить со стороны. Могу вместо этого показать сам процесс: как собираем базу под вашу нишу и почему пишем именно этой компании, а не всем подряд.

Если тема резонирует — готова показать, как это можно настроить под вас конкретно, без обязательств.

Если не хотите получать такие письма — ответьте «не пишите больше», и я уберу вас из базы.",закрываю тему с моей стороны,"Не хочу быть навязчивой — это последнее письмо от меня по этой теме.

Если сейчас не время думать про новый канал лидогенерации — полностью понимаю, оставлю вас в покое.

Если всё же интересно посмотреть, как холодный аутрич может выглядеть у вас — просто ответьте одним словом ""интересно"", и я пришлю короткий пример без долгих созвонов.

Спасибо, что дочитали до третьего письма — это уже неплохой знак :)

Если не хотите получать такие письма — просто не отвечайте, я больше не побеспокою."
Институт развития интернета,info@iri.center,Откуда у вас новые B2B-клиенты?,"Здравствуйте!

Поддержка создания и продвижения социально значимого интернет-контента. Поэтому пишу именно вам, а не рассылаю по всей базе подряд.

Мы в Polza Agency настраиваем холодный email-аутрич под ключ: от сбора базы под вашу ЦА до писем, которые реально открывают и на них отвечают. Клиенты получают входящие заявки на встречи без найма ещё одного продавца.

Если сейчас лидогенерация держится на входящих с сайта или рекомендациях — это тот кусок, который можно закрыть системно.

Есть 15 минут на короткий созвон на этой неделе — покажу, как это выглядит на практике?

Если не хотите получать такие письма — ответьте «не пишите больше», и я уберу вас из базы.","ещё один пример, вдруг актуальнее","Возвращаюсь с другого угла — ещё один заход, вдруг он окажется актуальнее.

Часто отдел продаж тратит половину времени не на переговоры, а на поиск, кому вообще писать. Мы берём это на себя: сбор базы, персонализация, цепочка писем — на выходе не список контактов, а уже тёплые ответы в почте.

Не буду называть цифры по чужим прогонам — их всё равно не проверить со стороны. Могу вместо этого показать сам процесс: как собираем базу под вашу нишу и почему пишем именно этой компании, а не всем подряд.

Если тема резонирует — готова показать, как это можно настроить под вас конкретно, без обязательств.

Если не хотите получать такие письма — ответьте «не пишите больше», и я уберу вас из базы.",закрываю тему с моей стороны,"Не хочу быть навязчивой — это последнее письмо от меня по этой теме.

Если сейчас не время думать про новый канал лидогенерации — полностью понимаю, оставлю вас в покое.

Если всё же интересно посмотреть, как холодный аутрич может выглядеть у вас — просто ответьте одним словом ""интересно"", и я пришлю короткий пример без долгих созвонов.

Спасибо, что дочитали до третьего письма — это уже неплохой знак :)

Если не хотите получать такие письма — просто не отвечайте, я больше не побеспокою."
Rocket10,hello@rocket10.com,Откуда у вас новые B2B-клиенты?,"Здравствуйте!

Компания Rocket10 имеет более 10 лет опыта продвижения мобильных приложений и брендов по всему миру через медиа-покупку, программатику и креативное производство на всех крупных рекламных платформах. Поэтому пишу именно вам, а не рассылаю по всей базе подряд.

Мы в Polza Agency настраиваем холодный email-аутрич под ключ: от сбора базы под вашу ЦА до писем, которые реально открывают и на них отвечают. Клиенты получают входящие заявки на встречи без найма ещё одного продавца.

Если сейчас лидогенерация держится на входящих с сайта или рекомендациях — это тот кусок, который можно закрыть системно.

Есть 15 минут на короткий созвон на этой неделе — покажу, как это выглядит на практике?

Если не хотите получать такие письма — ответьте «не пишите больше», и я уберу вас из базы.","ещё один пример, вдруг актуальнее","Возвращаюсь с другого угла — ещё один заход, вдруг он окажется актуальнее.

Часто отдел продаж тратит половину времени не на переговоры, а на поиск, кому вообще писать. Мы берём это на себя: сбор базы, персонализация, цепочка писем — на выходе не список контактов, а уже тёплые ответы в почте.

Не буду называть цифры по чужим прогонам — их всё равно не проверить со стороны. Могу вместо этого показать сам процесс: как собираем базу под вашу нишу и почему пишем именно этой компании, а не всем подряд.

Если тема резонирует — готова показать, как это можно настроить под вас конкретно, без обязательств.

Если не хотите получать такие письма — ответьте «не пишите больше», и я уберу вас из базы.",закрываю тему с моей стороны,"Не хочу быть навязчивой — это последнее письмо от меня по этой теме.

Если сейчас не время думать про новый канал лидогенерации — полностью понимаю, оставлю вас в покое.

Если всё же интересно посмотреть, как холодный аутрич может выглядеть у вас — просто ответьте одним словом ""интересно"", и я пришлю короткий пример без долгих созвонов.

Спасибо, что дочитали до третьего письма — это уже неплохой знак :)

Если не хотите получать такие письма — просто не отвечайте, я больше не побеспокою."
Victory Group,pr@victoryagency.ru,Откуда у вас новые B2B-клиенты?,"Здравствуйте!

Разрабатывают уникальную систему лидогенерации с рекордной эффективностью и уже запустили её продажи для автобизнеса. Поэтому пишу именно вам, а не рассылаю по всей базе подряд.

Мы в Polza Agency настраиваем холодный email-аутрич под ключ: от сбора базы под вашу ЦА до писем, которые реально открывают и на них отвечают. Клиенты получают входящие заявки на встречи без найма ещё одного продавца.

Если сейчас лидогенерация держится на входящих с сайта или рекомендациях — это тот кусок, который можно закрыть системно.

Есть 15 минут на короткий созвон на этой неделе — покажу, как это выглядит на практике?

Если не хотите получать такие письма — ответьте «не пишите больше», и я уберу вас из базы.","ещё один пример, вдруг актуальнее","Возвращаюсь с другого угла — ещё один заход, вдруг он окажется актуальнее.

Часто отдел продаж тратит половину времени не на переговоры, а на поиск, кому вообще писать. Мы берём это на себя: сбор базы, персонализация, цепочка писем — на выходе не список контактов, а уже тёплые ответы в почте.

Не буду называть цифры по чужим прогонам — их всё равно не проверить со стороны. Могу вместо этого показать сам процесс: как собираем базу под вашу нишу и почему пишем именно этой компании, а не всем подряд.

Если тема резонирует — готова показать, как это можно настроить под вас конкретно, без обязательств.

Если не хотите получать такие письма — ответьте «не пишите больше», и я уберу вас из базы.",закрываю тему с моей стороны,"Не хочу быть навязчивой — это последнее письмо от меня по этой теме.

Если сейчас не время думать про новый канал лидогенерации — полностью понимаю, оставлю вас в покое.

Если всё же интересно посмотреть, как холодный аутрич может выглядеть у вас — просто ответьте одним словом ""интересно"", и я пришлю короткий пример без долгих созвонов.

Спасибо, что дочитали до третьего письма — это уже неплохой знак :)

Если не хотите получать такие письма — просто не отвечайте, я больше не побеспокою."
БТЛ Сервис,info@btl-service.com,Откуда у вас новые B2B-клиенты?,"Здравствуйте!

BTL Service – федеральное агентство маркетинга, которое с 2005 года оказывает комплексный аутсорсинг мерчандайзинга в Москве и по всей России. Поэтому пишу именно вам, а не рассылаю по всей базе подряд.

Мы в Polza Agency настраиваем холодный email-аутрич под ключ: от сбора базы под вашу ЦА до писем, которые реально открывают и на них отвечают. Клиенты получают входящие заявки на встречи без найма ещё одного продавца.

Если сейчас лидогенерация держится на входящих с сайта или рекомендациях — это тот кусок, который можно закрыть системно.

Есть 15 минут на короткий созвон на этой неделе — покажу, как это выглядит на практике?

Если не хотите получать такие письма — ответьте «не пишите больше», и я уберу вас из базы.","ещё один пример, вдруг актуальнее","Возвращаюсь с другого угла — ещё один заход, вдруг он окажется актуальнее.

Часто отдел продаж тратит половину времени не на переговоры, а на поиск, кому вообще писать. Мы берём это на себя: сбор базы, персонализация, цепочка писем — на выходе не список контактов, а уже тёплые ответы в почте.

Не буду называть цифры по чужим прогонам — их всё равно не проверить со стороны. Могу вместо этого показать сам процесс: как собираем базу под вашу нишу и почему пишем именно этой компании, а не всем подряд.

Если тема резонирует — готова показать, как это можно настроить под вас конкретно, без обязательств.

Если не хотите получать такие письма — ответьте «не пишите больше», и я уберу вас из базы.",закрываю тему с моей стороны,"Не хочу быть навязчивой — это последнее письмо от меня по этой теме.

Если сейчас не время думать про новый канал лидогенерации — полностью понимаю, оставлю вас в покое.

Если всё же интересно посмотреть, как холодный аутрич может выглядеть у вас — просто ответьте одним словом ""интересно"", и я пришлю короткий пример без долгих созвонов.

Спасибо, что дочитали до третьего письма — это уже неплохой знак :)

Если не хотите получать такие письма — просто не отвечайте, я больше не побеспокою."
Глобал Артс,info@global-arts.ru,Откуда у вас новые B2B-клиенты?,"Здравствуйте!

Специализируется на разработке, поддержке и продвижении сайтов на платформе 1С-Битрикс, включая перенос существующих проектов и модернизацию функционала. Поэтому пишу именно вам, а не рассылаю по всей базе подряд.

Мы в Polza Agency настраиваем холодный email-аутрич под ключ: от сбора базы под вашу ЦА до писем, которые реально открывают и на них отвечают. Клиенты получают входящие заявки на встречи без найма ещё одного продавца.

Если сейчас лидогенерация держится на входящих с сайта или рекомендациях — это тот кусок, который можно закрыть системно.

Есть 15 минут на короткий созвон на этой неделе — покажу, как это выглядит на практике?

Если не хотите получать такие письма — ответьте «не пишите больше», и я уберу вас из базы.","ещё один пример, вдруг актуальнее","Возвращаюсь с другого угла — ещё один заход, вдруг он окажется актуальнее.

Часто отдел продаж тратит половину времени не на переговоры, а на поиск, кому вообще писать. Мы берём это на себя: сбор базы, персонализация, цепочка писем — на выходе не список контактов, а уже тёплые ответы в почте.

Не буду называть цифры по чужим прогонам — их всё равно не проверить со стороны. Могу вместо этого показать сам процесс: как собираем базу под вашу нишу и почему пишем именно этой компании, а не всем подряд.

Если тема резонирует — готова показать, как это можно настроить под вас конкретно, без обязательств.

Если не хотите получать такие письма — ответьте «не пишите больше», и я уберу вас из базы.",закрываю тему с моей стороны,"Не хочу быть навязчивой — это последнее письмо от меня по этой теме.

Если сейчас не время думать про новый канал лидогенерации — полностью понимаю, оставлю вас в покое.

Если всё же интересно посмотреть, как холодный аутрич может выглядеть у вас — просто ответьте одним словом ""интересно"", и я пришлю короткий пример без долгих созвонов.

Спасибо, что дочитали до третьего письма — это уже неплохой знак :)

Если не хотите получать такие письма — просто не отвечайте, я больше не побеспокою."
Тарантул,info@tarantul.zone,Откуда у вас новые B2B-клиенты?,"Здравствуйте!

Анализ и тестирование проектов проводится на каждом этапе, а обнаруженные ошибки устраняются за ваш счёт. Поэтому пишу именно вам, а не рассылаю по всей базе подряд.

Мы в Polza Agency настраиваем холодный email-аутрич под ключ: от сбора базы под вашу ЦА до писем, которые реально открывают и на них отвечают. Клиенты получают входящие заявки на встречи без найма ещё одного продавца.

Если сейчас лидогенерация держится на входящих с сайта или рекомендациях — это тот кусок, который можно закрыть системно.

Есть 15 минут на короткий созвон на этой неделе — покажу, как это выглядит на практике?

Если не хотите получать такие письма — ответьте «не пишите больше», и я уберу вас из базы.","ещё один пример, вдруг актуальнее","Возвращаюсь с другого угла — ещё один заход, вдруг он окажется актуальнее.

Часто отдел продаж тратит половину времени не на переговоры, а на поиск, кому вообще писать. Мы берём это на себя: сбор базы, персонализация, цепочка писем — на выходе не список контактов, а уже тёплые ответы в почте.

Не буду называть цифры по чужим прогонам — их всё равно не проверить со стороны. Могу вместо этого показать сам процесс: как собираем базу под вашу нишу и почему пишем именно этой компании, а не всем подряд.

Если тема резонирует — готова показать, как это можно настроить под вас конкретно, без обязательств.

Если не хотите получать такие письма — ответьте «не пишите больше», и я уберу вас из базы.",закрываю тему с моей стороны,"Не хочу быть навязчивой — это последнее письмо от меня по этой теме.

Если сейчас не время думать про новый канал лидогенерации — полностью понимаю, оставлю вас в покое.

Если всё же интересно посмотреть, как холодный аутрич может выглядеть у вас — просто ответьте одним словом ""интересно"", и я пришлю короткий пример без долгих созвонов.

Спасибо, что дочитали до третьего письма — это уже неплохой знак :)

Если не хотите получать такие письма — просто не отвечайте, я больше не побеспокою."
Социо Про,socio-pro@bk.ru,Откуда у вас новые B2B-клиенты?,"Здравствуйте!

Надежный источник достоверной информации для принятия решений в бизнесе – Центр социологических и маркетинговых исследований «Социо про» проводит комплексный анализ восприятия имиджа компании и выявляет факторы, препятствующие укреплению её репутации. Поэтому пишу именно вам, а не рассылаю по всей базе подряд.

Мы в Polza Agency настраиваем холодный email-аутрич под ключ: от сбора базы под вашу ЦА до писем, которые реально открывают и на них отвечают. Клиенты получают входящие заявки на встречи без найма ещё одного продавца.

Если сейчас лидогенерация держится на входящих с сайта или рекомендациях — это тот кусок, который можно закрыть системно.

Есть 15 минут на короткий созвон на этой неделе — покажу, как это выглядит на практике?

Если не хотите получать такие письма — ответьте «не пишите больше», и я уберу вас из базы.","ещё один пример, вдруг актуальнее","Возвращаюсь с другого угла — ещё один заход, вдруг он окажется актуальнее.

Часто отдел продаж тратит половину времени не на переговоры, а на поиск, кому вообще писать. Мы берём это на себя: сбор базы, персонализация, цепочка писем — на выходе не список контактов, а уже тёплые ответы в почте.

Не буду называть цифры по чужим прогонам — их всё равно не проверить со стороны. Могу вместо этого показать сам процесс: как собираем базу под вашу нишу и почему пишем именно этой компании, а не всем подряд.

Если тема резонирует — готова показать, как это можно настроить под вас конкретно, без обязательств.

Если не хотите получать такие письма — ответьте «не пишите больше», и я уберу вас из базы.",закрываю тему с моей стороны,"Не хочу быть навязчивой — это последнее письмо от меня по этой теме.

Если сейчас не время думать про новый канал лидогенерации — полностью понимаю, оставлю вас в покое.

Если всё же интересно посмотреть, как холодный аутрич может выглядеть у вас — просто ответьте одним словом ""интересно"", и я пришлю короткий пример без долгих созвонов.

Спасибо, что дочитали до третьего письма — это уже неплохой знак :)

Если не хотите получать такие письма — просто не отвечайте, я больше не побеспокою."
Servizoria,sales@servizoria.ru,Откуда у вас новые B2B-клиенты?,"Здравствуйте!

Компания Servizoria – российская исследовательская продуктовая фирма, которая создала собственную экосистему IT-решений для управления клиентским опытом, персоналом и продажами в розничном и e-commerce бизнесе. Поэтому пишу именно вам, а не рассылаю по всей базе подряд.

Мы в Polza Agency настраиваем холодный email-аутрич под ключ: от сбора базы под вашу ЦА до писем, которые реально открывают и на них отвечают. Клиенты получают входящие заявки на встречи без найма ещё одного продавца.

Если сейчас лидогенерация держится на входящих с сайта или рекомендациях — это тот кусок, который можно закрыть системно.

Есть 15 минут на короткий созвон на этой неделе — покажу, как это выглядит на практике?

Если не хотите получать такие письма — ответьте «не пишите больше», и я уберу вас из базы.","ещё один пример, вдруг актуальнее","Возвращаюсь с другого угла — ещё один заход, вдруг он окажется актуальнее.

Часто отдел продаж тратит половину времени не на переговоры, а на поиск, кому вообще писать. Мы берём это на себя: сбор базы, персонализация, цепочка писем — на выходе не список контактов, а уже тёплые ответы в почте.

Не буду называть цифры по чужим прогонам — их всё равно не проверить со стороны. Могу вместо этого показать сам процесс: как собираем базу под вашу нишу и почему пишем именно этой компании, а не всем подряд.

Если тема резонирует — готова показать, как это можно настроить под вас конкретно, без обязательств.

Если не хотите получать такие письма — ответьте «не пишите больше», и я уберу вас из базы.",закрываю тему с моей стороны,"Не хочу быть навязчивой — это последнее письмо от меня по этой теме.

Если сейчас не время думать про новый канал лидогенерации — полностью понимаю, оставлю вас в покое.

Если всё же интересно посмотреть, как холодный аутрич может выглядеть у вас — просто ответьте одним словом ""интересно"", и я пришлю короткий пример без долгих созвонов.

Спасибо, что дочитали до третьего письма — это уже неплохой знак :)

Если не хотите получать такие письма — просто не отвечайте, я больше не побеспокою."
Litera.Studio,zakaz@litera.studio,"Ильи Чируна, откуда у вас новые B2B-клиенты?","Привет, Ильи Чируна!

Наша студия уже успешно создала набор открыток для арт-галереи Ильи Чируна и фирменный стиль «ПРОМАКТИВ», а также брутальный дизайн для кофейни «Любимая кружка». Поэтому пишу именно вам, а не рассылаю по всей базе подряд.

Мы в Polza Agency настраиваем холодный email-аутрич под ключ: от сбора базы под вашу ЦА до писем, которые реально открывают и на них отвечают. Клиенты получают входящие заявки на встречи без найма ещё одного продавца.

Если сейчас лидогенерация держится на входящих с сайта или рекомендациях — это тот кусок, который можно закрыть системно.

Есть 15 минут на короткий созвон на этой неделе — покажу, как это выглядит на практике?

Если не хотите получать такие письма — ответьте «не пишите больше», и я уберу вас из базы.","ещё один пример, вдруг актуальнее","Ильи Чируна, возвращаюсь с другого угла.

Часто отдел продаж тратит половину времени не на переговоры, а на поиск, кому вообще писать. Мы берём это на себя: сбор базы, персонализация, цепочка писем — на выходе не список контактов, а уже тёплые ответы в почте.

Не буду называть цифры по чужим прогонам — их всё равно не проверить со стороны. Могу вместо этого показать сам процесс: как собираем базу под вашу нишу и почему пишем именно этой компании, а не всем подряд.

Если тема резонирует — готова показать, как это можно настроить под вас конкретно, без обязательств.

Если не хотите получать такие письма — ответьте «не пишите больше», и я уберу вас из базы.",закрываю тему с моей стороны,"Ильи Чируна, не хочу быть навязчивой — это последнее письмо от меня по этой теме.

Если сейчас не время думать про новый канал лидогенерации — полностью понимаю, оставлю вас в покое.

Если всё же интересно посмотреть, как холодный аутрич может выглядеть у вас — просто ответьте одним словом ""интересно"", и я пришлю короткий пример без долгих созвонов.

Спасибо, что дочитали до третьего письма — это уже неплохой знак :)

Если не хотите получать такие письма — просто не отвечайте, я больше не побеспокою."
Pragmatix Digital,hello@pragmatix.digital,Откуда у вас новые B2B-клиенты?,"Здравствуйте!

Компания Pragmatix Digital SEO специализируется на комплексной SEO-раскрутке сайтов в Москве, предлагая полный цикл услуг от аудита до продвижения. Поэтому пишу именно вам, а не рассылаю по всей базе подряд.

Мы в Polza Agency настраиваем холодный email-аутрич под ключ: от сбора базы под вашу ЦА до писем, которые реально открывают и на них отвечают. Клиенты получают входящие заявки на встречи без найма ещё одного продавца.

Если сейчас лидогенерация держится на входящих с сайта или рекомендациях — это тот кусок, который можно закрыть системно.

Есть 15 минут на короткий созвон на этой неделе — покажу, как это выглядит на практике?

Если не хотите получать такие письма — ответьте «не пишите больше», и я уберу вас из базы.","ещё один пример, вдруг актуальнее","Возвращаюсь с другого угла — ещё один заход, вдруг он окажется актуальнее.

Часто отдел продаж тратит половину времени не на переговоры, а на поиск, кому вообще писать. Мы берём это на себя: сбор базы, персонализация, цепочка писем — на выходе не список контактов, а уже тёплые ответы в почте.

Не буду называть цифры по чужим прогонам — их всё равно не проверить со стороны. Могу вместо этого показать сам процесс: как собираем базу под вашу нишу и почему пишем именно этой компании, а не всем подряд.

Если тема резонирует — готова показать, как это можно настроить под вас конкретно, без обязательств.

Если не хотите получать такие письма — ответьте «не пишите больше», и я уберу вас из базы.",закрываю тему с моей стороны,"Не хочу быть навязчивой — это последнее письмо от меня по этой теме.

Если сейчас не время думать про новый канал лидогенерации — полностью понимаю, оставлю вас в покое.

Если всё же интересно посмотреть, как холодный аутрич может выглядеть у вас — просто ответьте одним словом ""интересно"", и я пришлю короткий пример без долгих созвонов.

Спасибо, что дочитали до третьего письма — это уже неплохой знак :)

Если не хотите получать такие письма — просто не отвечайте, я больше не побеспокою."
Findby,hi@findby.ru,Откуда у вас новые B2B-клиенты?,"Здравствуйте!

Бутиковое агентство поискового маркетинга Findby.ru работает в Москве и предлагает выгодные тарифы на SEO-продвижение сайтов под Яндекс и Google. Поэтому пишу именно вам, а не рассылаю по всей базе подряд.

Мы в Polza Agency настраиваем холодный email-аутрич под ключ: от сбора базы под вашу ЦА до писем, которые реально открывают и на них отвечают. Клиенты получают входящие заявки на встречи без найма ещё одного продавца.

Если сейчас лидогенерация держится на входящих с сайта или рекомендациях — это тот кусок, который можно закрыть системно.

Есть 15 минут на короткий созвон на этой неделе — покажу, как это выглядит на практике?

Если не хотите получать такие письма — ответьте «не пишите больше», и я уберу вас из базы.","ещё один пример, вдруг актуальнее","Возвращаюсь с другого угла — ещё один заход, вдруг он окажется актуальнее.

Часто отдел продаж тратит половину времени не на переговоры, а на поиск, кому вообще писать. Мы берём это на себя: сбор базы, персонализация, цепочка писем — на выходе не список контактов, а уже тёплые ответы в почте.

Не буду называть цифры по чужим прогонам — их всё равно не проверить со стороны. Могу вместо этого показать сам процесс: как собираем базу под вашу нишу и почему пишем именно этой компании, а не всем подряд.

Если тема резонирует — готова показать, как это можно настроить под вас конкретно, без обязательств.

Если не хотите получать такие письма — ответьте «не пишите больше», и я уберу вас из базы.",закрываю тему с моей стороны,"Не хочу быть навязчивой — это последнее письмо от меня по этой теме.

Если сейчас не время думать про новый канал лидогенерации — полностью понимаю, оставлю вас в покое.

Если всё же интересно посмотреть, как холодный аутрич может выглядеть у вас — просто ответьте одним словом ""интересно"", и я пришлю короткий пример без долгих созвонов.

Спасибо, что дочитали до третьего письма — это уже неплохой знак :)

Если не хотите получать такие письма — просто не отвечайте, я больше не побеспокою."
Аудитория,info@au-agency.ru,"Максим Андреевич, откуда у вас новые B2B-клиенты?","Привет, Максим Андреевич!

Аудитория предоставляет полный спектр услуг интернет-маркетинга в Самаре, включая веб-дизайн и глубокую аналитику по KPI. Поэтому пишу именно вам, а не рассылаю по всей базе подряд.

Мы в Polza Agency настраиваем холодный email-аутрич под ключ: от сбора базы под вашу ЦА до писем, которые реально открывают и на них отвечают. Клиенты получают входящие заявки на встречи без найма ещё одного продавца.

Если сейчас лидогенерация держится на входящих с сайта или рекомендациях — это тот кусок, который можно закрыть системно.

Есть 15 минут на короткий созвон на этой неделе — покажу, как это выглядит на практике?

Если не хотите получать такие письма — ответьте «не пишите больше», и я уберу вас из базы.","ещё один пример, вдруг актуальнее","Максим Андреевич, возвращаюсь с другого угла.

Часто отдел продаж тратит половину времени не на переговоры, а на поиск, кому вообще писать. Мы берём это на себя: сбор базы, персонализация, цепочка писем — на выходе не список контактов, а уже тёплые ответы в почте.

Не буду называть цифры по чужим прогонам — их всё равно не проверить со стороны. Могу вместо этого показать сам процесс: как собираем базу под вашу нишу и почему пишем именно этой компании, а не всем подряд.

Если тема резонирует — готова показать, как это можно настроить под вас конкретно, без обязательств.

Если не хотите получать такие письма — ответьте «не пишите больше», и я уберу вас из базы.",закрываю тему с моей стороны,"Максим Андреевич, не хочу быть навязчивой — это последнее письмо от меня по этой теме.

Если сейчас не время думать про новый канал лидогенерации — полностью понимаю, оставлю вас в покое.

Если всё же интересно посмотреть, как холодный аутрич может выглядеть у вас — просто ответьте одним словом ""интересно"", и я пришлю короткий пример без долгих созвонов.

Спасибо, что дочитали до третьего письма — это уже неплохой знак :)

Если не хотите получать такие письма — просто не отвечайте, я больше не побеспокою."
Упаковщик,info@packer.agency,Откуда у вас новые B2B-клиенты?,"Здравствуйте!

Упаковщик находится в Башне ОКО на 1-м красногвардейском проезде (Москва-Сити). Поэтому пишу именно вам, а не рассылаю по всей базе подряд.

Мы в Polza Agency настраиваем холодный email-аутрич под ключ: от сбора базы под вашу ЦА до писем, которые реально открывают и на них отвечают. Клиенты получают входящие заявки на встречи без найма ещё одного продавца.

Если сейчас лидогенерация держится на входящих с сайта или рекомендациях — это тот кусок, который можно закрыть системно.

Есть 15 минут на короткий созвон на этой неделе — покажу, как это выглядит на практике?

Если не хотите получать такие письма — ответьте «не пишите больше», и я уберу вас из базы.","ещё один пример, вдруг актуальнее","Возвращаюсь с другого угла — ещё один заход, вдруг он окажется актуальнее.

Часто отдел продаж тратит половину времени не на переговоры, а на поиск, кому вообще писать. Мы берём это на себя: сбор базы, персонализация, цепочка писем — на выходе не список контактов, а уже тёплые ответы в почте.

Не буду называть цифры по чужим прогонам — их всё равно не проверить со стороны. Могу вместо этого показать сам процесс: как собираем базу под вашу нишу и почему пишем именно этой компании, а не всем подряд.

Если тема резонирует — готова показать, как это можно настроить под вас конкретно, без обязательств.

Если не хотите получать такие письма — ответьте «не пишите больше», и я уберу вас из базы.",закрываю тему с моей стороны,"Не хочу быть навязчивой — это последнее письмо от меня по этой теме.

Если сейчас не время думать про новый канал лидогенерации — полностью понимаю, оставлю вас в покое.

Если всё же интересно посмотреть, как холодный аутрич может выглядеть у вас — просто ответьте одним словом ""интересно"", и я пришлю короткий пример без долгих созвонов.

Спасибо, что дочитали до третьего письма — это уже неплохой знак :)

Если не хотите получать такие письма — просто не отвечайте, я больше не побеспокою."
Домовой и Партнеры,info@domovoy.pro,Откуда у вас новые B2B-клиенты?,"Здравствуйте!

Внедряют систему управления предприятиями на базе Битрикс24, включая CRM, СЭД и программы лояльности. Поэтому пишу именно вам, а не рассылаю по всей базе подряд.

Мы в Polza Agency настраиваем холодный email-аутрич под ключ: от сбора базы под вашу ЦА до писем, которые реально открывают и на них отвечают. Клиенты получают входящие заявки на встречи без найма ещё одного продавца.

Если сейчас лидогенерация держится на входящих с сайта или рекомендациях — это тот кусок, который можно закрыть системно.

Есть 15 минут на короткий созвон на этой неделе — покажу, как это выглядит на практике?

Если не хотите получать такие письма — ответьте «не пишите больше», и я уберу вас из базы.","ещё один пример, вдруг актуальнее","Возвращаюсь с другого угла — ещё один заход, вдруг он окажется актуальнее.

Часто отдел продаж тратит половину времени не на переговоры, а на поиск, кому вообще писать. Мы берём это на себя: сбор базы, персонализация, цепочка писем — на выходе не список контактов, а уже тёплые ответы в почте.

Не буду называть цифры по чужим прогонам — их всё равно не проверить со стороны. Могу вместо этого показать сам процесс: как собираем базу под вашу нишу и почему пишем именно этой компании, а не всем подряд.

Если тема резонирует — готова показать, как это можно настроить под вас конкретно, без обязательств.

Если не хотите получать такие письма — ответьте «не пишите больше», и я уберу вас из базы.",закрываю тему с моей стороны,"Не хочу быть навязчивой — это последнее письмо от меня по этой теме.

Если сейчас не время думать про новый канал лидогенерации — полностью понимаю, оставлю вас в покое.

Если всё же интересно посмотреть, как холодный аутрич может выглядеть у вас — просто ответьте одним словом ""интересно"", и я пришлю короткий пример без долгих созвонов.

Спасибо, что дочитали до третьего письма — это уже неплохой знак :)

Если не хотите получать такие письма — просто не отвечайте, я больше не побеспокою."
DigitalWill,welcome@digitalwill.ru,Откуда у вас новые B2B-клиенты?,"Здравствуйте!

Сертифицированное интернет-агентство DigitalWill имеет более 10 лет опыта работы в раскрутке отелей и объектов гостеприимства. Поэтому пишу именно вам, а не рассылаю по всей базе подряд.

Мы в Polza Agency настраиваем холодный email-аутрич под ключ: от сбора базы под вашу ЦА до писем, которые реально открывают и на них отвечают. Клиенты получают входящие заявки на встречи без найма ещё одного продавца.

Если сейчас лидогенерация держится на входящих с сайта или рекомендациях — это тот кусок, который можно закрыть системно.

Есть 15 минут на короткий созвон на этой неделе — покажу, как это выглядит на практике?

Если не хотите получать такие письма — ответьте «не пишите больше», и я уберу вас из базы.","ещё один пример, вдруг актуальнее","Возвращаюсь с другого угла — ещё один заход, вдруг он окажется актуальнее.

Часто отдел продаж тратит половину времени не на переговоры, а на поиск, кому вообще писать. Мы берём это на себя: сбор базы, персонализация, цепочка писем — на выходе не список контактов, а уже тёплые ответы в почте.

Не буду называть цифры по чужим прогонам — их всё равно не проверить со стороны. Могу вместо этого показать сам процесс: как собираем базу под вашу нишу и почему пишем именно этой компании, а не всем подряд.

Если тема резонирует — готова показать, как это можно настроить под вас конкретно, без обязательств.

Если не хотите получать такие письма — ответьте «не пишите больше», и я уберу вас из базы.",закрываю тему с моей стороны,"Не хочу быть навязчивой — это последнее письмо от меня по этой теме.

Если сейчас не время думать про новый канал лидогенерации — полностью понимаю, оставлю вас в покое.

Если всё же интересно посмотреть, как холодный аутрич может выглядеть у вас — просто ответьте одним словом ""интересно"", и я пришлю короткий пример без долгих созвонов.

Спасибо, что дочитали до третьего письма — это уже неплохой знак :)

Если не хотите получать такие письма — просто не отвечайте, я больше не побеспокою."
Agency-5,info@agency-5.ru,Откуда у вас новые B2B-клиенты?,"Здравствуйте!

Agency-5 специализируется на создании продающих сайтов-визиток, корпоративных порталов, лендингов, новостных порталов и интернет-магазинов. Поэтому пишу именно вам, а не рассылаю по всей базе подряд.

Мы в Polza Agency настраиваем холодный email-аутрич под ключ: от сбора базы под вашу ЦА до писем, которые реально открывают и на них отвечают. Клиенты получают входящие заявки на встречи без найма ещё одного продавца.

Если сейчас лидогенерация держится на входящих с сайта или рекомендациях — это тот кусок, который можно закрыть системно.

Есть 15 минут на короткий созвон на этой неделе — покажу, как это выглядит на практике?

Если не хотите получать такие письма — ответьте «не пишите больше», и я уберу вас из базы.","ещё один пример, вдруг актуальнее","Возвращаюсь с другого угла — ещё один заход, вдруг он окажется актуальнее.

Часто отдел продаж тратит половину времени не на переговоры, а на поиск, кому вообще писать. Мы берём это на себя: сбор базы, персонализация, цепочка писем — на выходе не список контактов, а уже тёплые ответы в почте.

Не буду называть цифры по чужим прогонам — их всё равно не проверить со стороны. Могу вместо этого показать сам процесс: как собираем базу под вашу нишу и почему пишем именно этой компании, а не всем подряд.

Если тема резонирует — готова показать, как это можно настроить под вас конкретно, без обязательств.

Если не хотите получать такие письма — ответьте «не пишите больше», и я уберу вас из базы.",закрываю тему с моей стороны,"Не хочу быть навязчивой — это последнее письмо от меня по этой теме.

Если сейчас не время думать про новый канал лидогенерации — полностью понимаю, оставлю вас в покое.

Если всё же интересно посмотреть, как холодный аутрич может выглядеть у вас — просто ответьте одним словом ""интересно"", и я пришлю короткий пример без долгих созвонов.

Спасибо, что дочитали до третьего письма — это уже неплохой знак :)

Если не хотите получать такие письма — просто не отвечайте, я больше не побеспокою."
ArrivoMedia,info@arrivomedia.ru,Откуда у вас новые B2B-клиенты?,"Здравствуйте!

Вы специализируетесь на росте продаж и повышении коэффициента конверсии для клиентов. Поэтому пишу именно вам, а не рассылаю по всей базе подряд.

Мы в Polza Agency настраиваем холодный email-аутрич под ключ: от сбора базы под вашу ЦА до писем, которые реально открывают и на них отвечают. Клиенты получают входящие заявки на встречи без найма ещё одного продавца.

Если сейчас лидогенерация держится на входящих с сайта или рекомендациях — это тот кусок, который можно закрыть системно.

Есть 15 минут на короткий созвон на этой неделе — покажу, как это выглядит на практике?

Если не хотите получать такие письма — ответьте «не пишите больше», и я уберу вас из базы.","ещё один пример, вдруг актуальнее","Возвращаюсь с другого угла — ещё один заход, вдруг он окажется актуальнее.

Часто отдел продаж тратит половину времени не на переговоры, а на поиск, кому вообще писать. Мы берём это на себя: сбор базы, персонализация, цепочка писем — на выходе не список контактов, а уже тёплые ответы в почте.

Не буду называть цифры по чужим прогонам — их всё равно не проверить со стороны. Могу вместо этого показать сам процесс: как собираем базу под вашу нишу и почему пишем именно этой компании, а не всем подряд.

Если тема резонирует — готова показать, как это можно настроить под вас конкретно, без обязательств.

Если не хотите получать такие письма — ответьте «не пишите больше», и я уберу вас из базы.",закрываю тему с моей стороны,"Не хочу быть навязчивой — это последнее письмо от меня по этой теме.

Если сейчас не время думать про новый канал лидогенерации — полностью понимаю, оставлю вас в покое.

Если всё же интересно посмотреть, как холодный аутрич может выглядеть у вас — просто ответьте одним словом ""интересно"", и я пришлю короткий пример без долгих созвонов.

Спасибо, что дочитали до третьего письма — это уже неплохой знак :)

Если не хотите получать такие письма — просто не отвечайте, я больше не побеспокою."
Kochev Marketing,zakaz@kochevmarketing.com,Откуда у вас новые B2B-клиенты?,"Здравствуйте!

Комплексный интернет-маркетинг под ключ в Москве от KochevMarketing включает SEO-продвижение, контекстную рекламу и управление репутацией (SERM). Поэтому пишу именно вам, а не рассылаю по всей базе подряд.

Мы в Polza Agency настраиваем холодный email-аутрич под ключ: от сбора базы под вашу ЦА до писем, которые реально открывают и на них отвечают. Клиенты получают входящие заявки на встречи без найма ещё одного продавца.

Если сейчас лидогенерация держится на входящих с сайта или рекомендациях — это тот кусок, который можно закрыть системно.

Есть 15 минут на короткий созвон на этой неделе — покажу, как это выглядит на практике?

Если не хотите получать такие письма — ответьте «не пишите больше», и я уберу вас из базы.","ещё один пример, вдруг актуальнее","Возвращаюсь с другого угла — ещё один заход, вдруг он окажется актуальнее.

Часто отдел продаж тратит половину времени не на переговоры, а на поиск, кому вообще писать. Мы берём это на себя: сбор базы, персонализация, цепочка писем — на выходе не список контактов, а уже тёплые ответы в почте.

Не буду называть цифры по чужим прогонам — их всё равно не проверить со стороны. Могу вместо этого показать сам процесс: как собираем базу под вашу нишу и почему пишем именно этой компании, а не всем подряд.

Если тема резонирует — готова показать, как это можно настроить под вас конкретно, без обязательств.

Если не хотите получать такие письма — ответьте «не пишите больше», и я уберу вас из базы.",закрываю тему с моей стороны,"Не хочу быть навязчивой — это последнее письмо от меня по этой теме.

Если сейчас не время думать про новый канал лидогенерации — полностью понимаю, оставлю вас в покое.

Если всё же интересно посмотреть, как холодный аутрич может выглядеть у вас — просто ответьте одним словом ""интересно"", и я пришлю короткий пример без долгих созвонов.

Спасибо, что дочитали до третьего письма — это уже неплохой знак :)

Если не хотите получать такие письма — просто не отвечайте, я больше не побеспокою."
Ony,hello@ony.ru,Откуда у вас новые B2B-клиенты?,"Здравствуйте!

Компания Ony специализируется на работе с компаниями, которые задают правила игры на своих рынках. Поэтому пишу именно вам, а не рассылаю по всей базе подряд.

Мы в Polza Agency настраиваем холодный email-аутрич под ключ: от сбора базы под вашу ЦА до писем, которые реально открывают и на них отвечают. Клиенты получают входящие заявки на встречи без найма ещё одного продавца.

Если сейчас лидогенерация держится на входящих с сайта или рекомендациях — это тот кусок, который можно закрыть системно.

Есть 15 минут на короткий созвон на этой неделе — покажу, как это выглядит на практике?

Если не хотите получать такие письма — ответьте «не пишите больше», и я уберу вас из базы.","ещё один пример, вдруг актуальнее","Возвращаюсь с другого угла — ещё один заход, вдруг он окажется актуальнее.

Часто отдел продаж тратит половину времени не на переговоры, а на поиск, кому вообще писать. Мы берём это на себя: сбор базы, персонализация, цепочка писем — на выходе не список контактов, а уже тёплые ответы в почте.

Не буду называть цифры по чужим прогонам — их всё равно не проверить со стороны. Могу вместо этого показать сам процесс: как собираем базу под вашу нишу и почему пишем именно этой компании, а не всем подряд.

Если тема резонирует — готова показать, как это можно настроить под вас конкретно, без обязательств.

Если не хотите получать такие письма — ответьте «не пишите больше», и я уберу вас из базы.",закрываю тему с моей стороны,"Не хочу быть навязчивой — это последнее письмо от меня по этой теме.

Если сейчас не время думать про новый канал лидогенерации — полностью понимаю, оставлю вас в покое.

Если всё же интересно посмотреть, как холодный аутрич может выглядеть у вас — просто ответьте одним словом ""интересно"", и я пришлю короткий пример без долгих созвонов.

Спасибо, что дочитали до третьего письма — это уже неплохой знак :)

Если не хотите получать такие письма — просто не отвечайте, я больше не побеспокою."
Agima,info@agima.ru,Откуда у вас новые B2B-клиенты?,"Здравствуйте!

Провели проекты для крупнейших страховых компаний и банков, помогая им внедрять цифровые решения. Поэтому пишу именно вам, а не рассылаю по всей базе подряд.

Мы в Polza Agency настраиваем холодный email-аутрич под ключ: от сбора базы под вашу ЦА до писем, которые реально открывают и на них отвечают. Клиенты получают входящие заявки на встречи без найма ещё одного продавца.

Если сейчас лидогенерация держится на входящих с сайта или рекомендациях — это тот кусок, который можно закрыть системно.

Есть 15 минут на короткий созвон на этой неделе — покажу, как это выглядит на практике?

Если не хотите получать такие письма — ответьте «не пишите больше», и я уберу вас из базы.","ещё один пример, вдруг актуальнее","Возвращаюсь с другого угла — ещё один заход, вдруг он окажется актуальнее.

Часто отдел продаж тратит половину времени не на переговоры, а на поиск, кому вообще писать. Мы берём это на себя: сбор базы, персонализация, цепочка писем — на выходе не список контактов, а уже тёплые ответы в почте.

Не буду называть цифры по чужим прогонам — их всё равно не проверить со стороны. Могу вместо этого показать сам процесс: как собираем базу под вашу нишу и почему пишем именно этой компании, а не всем подряд.

Если тема резонирует — готова показать, как это можно настроить под вас конкретно, без обязательств.

Если не хотите получать такие письма — ответьте «не пишите больше», и я уберу вас из базы.",закрываю тему с моей стороны,"Не хочу быть навязчивой — это последнее письмо от меня по этой теме.

Если сейчас не время думать про новый канал лидогенерации — полностью понимаю, оставлю вас в покое.

Если всё же интересно посмотреть, как холодный аутрич может выглядеть у вас — просто ответьте одним словом ""интересно"", и я пришлю короткий пример без долгих созвонов.

Спасибо, что дочитали до третьего письма — это уже неплохой знак :)

Если не хотите получать такие письма — просто не отвечайте, я больше не побеспокою."
inSales,info@insales.ru,Откуда у вас новые B2B-клиенты?,"Здравствуйте!

Создайте интернет-магазин полностью самостоятельно — без привлечения программистов и дизайнеров, используя единый инструмент inSales для всех каналов продаж. Поэтому пишу именно вам, а не рассылаю по всей базе подряд.

Мы в Polza Agency настраиваем холодный email-аутрич под ключ: от сбора базы под вашу ЦА до писем, которые реально открывают и на них отвечают. Клиенты получают входящие заявки на встречи без найма ещё одного продавца.

Если сейчас лидогенерация держится на входящих с сайта или рекомендациях — это тот кусок, который можно закрыть системно.

Есть 15 минут на короткий созвон на этой неделе — покажу, как это выглядит на практике?

Если не хотите получать такие письма — ответьте «не пишите больше», и я уберу вас из базы.","ещё один пример, вдруг актуальнее","Возвращаюсь с другого угла — ещё один заход, вдруг он окажется актуальнее.

Часто отдел продаж тратит половину времени не на переговоры, а на поиск, кому вообще писать. Мы берём это на себя: сбор базы, персонализация, цепочка писем — на выходе не список контактов, а уже тёплые ответы в почте.

Не буду называть цифры по чужим прогонам — их всё равно не проверить со стороны. Могу вместо этого показать сам процесс: как собираем базу под вашу нишу и почему пишем именно этой компании, а не всем подряд.

Если тема резонирует — готова показать, как это можно настроить под вас конкретно, без обязательств.

Если не хотите получать такие письма — ответьте «не пишите больше», и я уберу вас из базы.",закрываю тему с моей стороны,"Не хочу быть навязчивой — это последнее письмо от меня по этой теме.

Если сейчас не время думать про новый канал лидогенерации — полностью понимаю, оставлю вас в покое.

Если всё же интересно посмотреть, как холодный аутрич может выглядеть у вас — просто ответьте одним словом ""интересно"", и я пришлю короткий пример без долгих созвонов.

Спасибо, что дочитали до третьего письма — это уже неплохой знак :)

Если не хотите получать такие письма — просто не отвечайте, я больше не побеспокою."
БТВ-Инфо,info@btv-info.ru,Откуда у вас новые B2B-клиенты?,"Здравствуйте!

Компания BTV-Info работает в сфере IT уже с 2002 года и специализируется на создании корпоративных сайтов и интернет-магазинов под платформой «1С-Битрикс». Поэтому пишу именно вам, а не рассылаю по всей базе подряд.

Мы в Polza Agency настраиваем холодный email-аутрич под ключ: от сбора базы под вашу ЦА до писем, которые реально открывают и на них отвечают. Клиенты получают входящие заявки на встречи без найма ещё одного продавца.

Если сейчас лидогенерация держится на входящих с сайта или рекомендациях — это тот кусок, который можно закрыть системно.

Есть 15 минут на короткий созвон на этой неделе — покажу, как это выглядит на практике?

Если не хотите получать такие письма — ответьте «не пишите больше», и я уберу вас из базы.","ещё один пример, вдруг актуальнее","Возвращаюсь с другого угла — ещё один заход, вдруг он окажется актуальнее.

Часто отдел продаж тратит половину времени не на переговоры, а на поиск, кому вообще писать. Мы берём это на себя: сбор базы, персонализация, цепочка писем — на выходе не список контактов, а уже тёплые ответы в почте.

Не буду называть цифры по чужим прогонам — их всё равно не проверить со стороны. Могу вместо этого показать сам процесс: как собираем базу под вашу нишу и почему пишем именно этой компании, а не всем подряд.

Если тема резонирует — готова показать, как это можно настроить под вас конкретно, без обязательств.

Если не хотите получать такие письма — ответьте «не пишите больше», и я уберу вас из базы.",закрываю тему с моей стороны,"Не хочу быть навязчивой — это последнее письмо от меня по этой теме.

Если сейчас не время думать про новый канал лидогенерации — полностью понимаю, оставлю вас в покое.

Если всё же интересно посмотреть, как холодный аутрич может выглядеть у вас — просто ответьте одним словом ""интересно"", и я пришлю короткий пример без долгих созвонов.

Спасибо, что дочитали до третьего письма — это уже неплохой знак :)

Если не хотите получать такие письма — просто не отвечайте, я больше не побеспокою."
Qsoft,info@qsoft.ru,Откуда у вас новые B2B-клиенты?,"Здравствуйте!

Создаете высоконагруженные e-commerce платформы с интеграцией AI-решений для маркетплейсов и интернет-магазинов. Поэтому пишу именно вам, а не рассылаю по всей базе подряд.

Мы в Polza Agency настраиваем холодный email-аутрич под ключ: от сбора базы под вашу ЦА до писем, которые реально открывают и на них отвечают. Клиенты получают входящие заявки на встречи без найма ещё одного продавца.

Если сейчас лидогенерация держится на входящих с сайта или рекомендациях — это тот кусок, который можно закрыть системно.

Есть 15 минут на короткий созвон на этой неделе — покажу, как это выглядит на практике?

Если не хотите получать такие письма — ответьте «не пишите больше», и я уберу вас из базы.","ещё один пример, вдруг актуальнее","Возвращаюсь с другого угла — ещё один заход, вдруг он окажется актуальнее.

Часто отдел продаж тратит половину времени не на переговоры, а на поиск, кому вообще писать. Мы берём это на себя: сбор базы, персонализация, цепочка писем — на выходе не список контактов, а уже тёплые ответы в почте.

Не буду называть цифры по чужим прогонам — их всё равно не проверить со стороны. Могу вместо этого показать сам процесс: как собираем базу под вашу нишу и почему пишем именно этой компании, а не всем подряд.

Если тема резонирует — готова показать, как это можно настроить под вас конкретно, без обязательств.

Если не хотите получать такие письма — ответьте «не пишите больше», и я уберу вас из базы.",закрываю тему с моей стороны,"Не хочу быть навязчивой — это последнее письмо от меня по этой теме.

Если сейчас не время думать про новый канал лидогенерации — полностью понимаю, оставлю вас в покое.

Если всё же интересно посмотреть, как холодный аутрич может выглядеть у вас — просто ответьте одним словом ""интересно"", и я пришлю короткий пример без долгих созвонов.

Спасибо, что дочитали до третьего письма — это уже неплохой знак :)

Если не хотите получать такие письма — просто не отвечайте, я больше не побеспокою."
Depot,hello@depotwpf.ru,Откуда у вас новые B2B-клиенты?,"Здравствуйте!

Компания «Depot» уже 28 лет создаёт сильные бренды и считается топ-1 брендинговым агентством в России с более чем 6000 кейсами в портфолио. Поэтому пишу именно вам, а не рассылаю по всей базе подряд.

Мы в Polza Agency настраиваем холодный email-аутрич под ключ: от сбора базы под вашу ЦА до писем, которые реально открывают и на них отвечают. Клиенты получают входящие заявки на встречи без найма ещё одного продавца.

Если сейчас лидогенерация держится на входящих с сайта или рекомендациях — это тот кусок, который можно закрыть системно.

Есть 15 минут на короткий созвон на этой неделе — покажу, как это выглядит на практике?

Если не хотите получать такие письма — ответьте «не пишите больше», и я уберу вас из базы.","ещё один пример, вдруг актуальнее","Возвращаюсь с другого угла — ещё один заход, вдруг он окажется актуальнее.

Часто отдел продаж тратит половину времени не на переговоры, а на поиск, кому вообще писать. Мы берём это на себя: сбор базы, персонализация, цепочка писем — на выходе не список контактов, а уже тёплые ответы в почте.

Не буду называть цифры по чужим прогонам — их всё равно не проверить со стороны. Могу вместо этого показать сам процесс: как собираем базу под вашу нишу и почему пишем именно этой компании, а не всем подряд.

Если тема резонирует — готова показать, как это можно настроить под вас конкретно, без обязательств.

Если не хотите получать такие письма — ответьте «не пишите больше», и я уберу вас из базы.",закрываю тему с моей стороны,"Не хочу быть навязчивой — это последнее письмо от меня по этой теме.

Если сейчас не время думать про новый канал лидогенерации — полностью понимаю, оставлю вас в покое.

Если всё же интересно посмотреть, как холодный аутрич может выглядеть у вас — просто ответьте одним словом ""интересно"", и я пришлю короткий пример без долгих созвонов.

Спасибо, что дочитали до третьего письма — это уже неплохой знак :)

Если не хотите получать такие письма — просто не отвечайте, я больше не побеспокою."
MGcom,mgcom@mgcom.ru,Откуда у вас новые B2B-клиенты?,"Здравствуйте!

Компания MGcom специализируется на автоматизированной закупке рекламы через Programmatic и помогает крупному и среднему бизнесу решать задачи от показа до продажи. Поэтому пишу именно вам, а не рассылаю по всей базе подряд.

Мы в Polza Agency настраиваем холодный email-аутрич под ключ: от сбора базы под вашу ЦА до писем, которые реально открывают и на них отвечают. Клиенты получают входящие заявки на встречи без найма ещё одного продавца.

Если сейчас лидогенерация держится на входящих с сайта или рекомендациях — это тот кусок, который можно закрыть системно.

Есть 15 минут на короткий созвон на этой неделе — покажу, как это выглядит на практике?

Если не хотите получать такие письма — ответьте «не пишите больше», и я уберу вас из базы.","ещё один пример, вдруг актуальнее","Возвращаюсь с другого угла — ещё один заход, вдруг он окажется актуальнее.

Часто отдел продаж тратит половину времени не на переговоры, а на поиск, кому вообще писать. Мы берём это на себя: сбор базы, персонализация, цепочка писем — на выходе не список контактов, а уже тёплые ответы в почте.

Не буду называть цифры по чужим прогонам — их всё равно не проверить со стороны. Могу вместо этого показать сам процесс: как собираем базу под вашу нишу и почему пишем именно этой компании, а не всем подряд.

Если тема резонирует — готова показать, как это можно настроить под вас конкретно, без обязательств.

Если не хотите получать такие письма — ответьте «не пишите больше», и я уберу вас из базы.",закрываю тему с моей стороны,"Не хочу быть навязчивой — это последнее письмо от меня по этой теме.

Если сейчас не время думать про новый канал лидогенерации — полностью понимаю, оставлю вас в покое.

Если всё же интересно посмотреть, как холодный аутрич может выглядеть у вас — просто ответьте одним словом ""интересно"", и я пришлю короткий пример без долгих созвонов.

Спасибо, что дочитали до третьего письма — это уже неплохой знак :)

Если не хотите получать такие письма — просто не отвечайте, я больше не побеспокою."
Родная речь,contact@rore.group,Откуда у вас новые B2B-клиенты?,"Здравствуйте!

Пишу вам не из общей рассылки, а прицельно — увидела вас в подборке digital и маркетинговых агентств, которые сами понимают ценность лидогенерации через холодный аутрич.

Мы в Polza Agency настраиваем холодный email-аутрич под ключ: от сбора базы под вашу ЦА до писем, которые реально открывают и на них отвечают. Клиенты получают входящие заявки на встречи без найма ещё одного продавца.

Если сейчас лидогенерация держится на входящих с сайта или рекомендациях — это тот кусок, который можно закрыть системно.

Есть 15 минут на короткий созвон на этой неделе — покажу, как это выглядит на практике?

Если не хотите получать такие письма — ответьте «не пишите больше», и я уберу вас из базы.","ещё один пример, вдруг актуальнее","Возвращаюсь с другого угла — ещё один заход, вдруг он окажется актуальнее.

Часто отдел продаж тратит половину времени не на переговоры, а на поиск, кому вообще писать. Мы берём это на себя: сбор базы, персонализация, цепочка писем — на выходе не список контактов, а уже тёплые ответы в почте.

Не буду называть цифры по чужим прогонам — их всё равно не проверить со стороны. Могу вместо этого показать сам процесс: как собираем базу под вашу нишу и почему пишем именно этой компании, а не всем подряд.

Если тема резонирует — готова показать, как это можно настроить под вас конкретно, без обязательств.

Если не хотите получать такие письма — ответьте «не пишите больше», и я уберу вас из базы.",закрываю тему с моей стороны,"Не хочу быть навязчивой — это последнее письмо от меня по этой теме.

Если сейчас не время думать про новый канал лидогенерации — полностью понимаю, оставлю вас в покое.

Если всё же интересно посмотреть, как холодный аутрич может выглядеть у вас — просто ответьте одним словом ""интересно"", и я пришлю короткий пример без долгих созвонов.

Спасибо, что дочитали до третьего письма — это уже неплохой знак :)

Если не хотите получать такие письма — просто не отвечайте, я больше не побеспокою."
Ipsos Comcon,ruinfo@ipsos-russia.ru,Откуда у вас новые B2B-клиенты?,"Здравствуйте!

Мировой лидер в области маркетинговых исследований, Ipsos предоставляет данные опросов и анализ социальных сетей, чтобы помочь брендам привлекать новую аудиторию и улучшать репутацию через доступность онлайн-сервисов. Поэтому пишу именно вам, а не рассылаю по всей базе подряд.

Мы в Polza Agency настраиваем холодный email-аутрич под ключ: от сбора базы под вашу ЦА до писем, которые реально открывают и на них отвечают. Клиенты получают входящие заявки на встречи без найма ещё одного продавца.

Если сейчас лидогенерация держится на входящих с сайта или рекомендациях — это тот кусок, который можно закрыть системно.

Есть 15 минут на короткий созвон на этой неделе — покажу, как это выглядит на практике?

Если не хотите получать такие письма — ответьте «не пишите больше», и я уберу вас из базы.","ещё один пример, вдруг актуальнее","Возвращаюсь с другого угла — ещё один заход, вдруг он окажется актуальнее.

Часто отдел продаж тратит половину времени не на переговоры, а на поиск, кому вообще писать. Мы берём это на себя: сбор базы, персонализация, цепочка писем — на выходе не список контактов, а уже тёплые ответы в почте.

Не буду называть цифры по чужим прогонам — их всё равно не проверить со стороны. Могу вместо этого показать сам процесс: как собираем базу под вашу нишу и почему пишем именно этой компании, а не всем подряд.

Если тема резонирует — готова показать, как это можно настроить под вас конкретно, без обязательств.

Если не хотите получать такие письма — ответьте «не пишите больше», и я уберу вас из базы.",закрываю тему с моей стороны,"Не хочу быть навязчивой — это последнее письмо от меня по этой теме.

Если сейчас не время думать про новый канал лидогенерации — полностью понимаю, оставлю вас в покое.

Если всё же интересно посмотреть, как холодный аутрич может выглядеть у вас — просто ответьте одним словом ""интересно"", и я пришлю короткий пример без долгих созвонов.

Спасибо, что дочитали до третьего письма — это уже неплохой знак :)

Если не хотите получать такие письма — просто не отвечайте, я больше не побеспокою."
Schmidt Export,kontakt@schmidt-export.ru,Откуда у вас новые B2B-клиенты?,"Здравствуйте!

Компания Schmidt & Schmidt гарантирует фиксированные цены и чёткие сроки выполнения, а также предоставляет персонального менеджера для каждого проекта. Кроме того, они специализируются на получении официальных документов из зарубежных органов и архивов. Поэтому пишу именно вам, а не рассылаю по всей базе подряд.

Мы в Polza Agency настраиваем холодный email-аутрич под ключ: от сбора базы под вашу ЦА до писем, которые реально открывают и на них отвечают. Клиенты получают входящие заявки на встречи без найма ещё одного продавца.

Если сейчас лидогенерация держится на входящих с сайта или рекомендациях — это тот кусок, который можно закрыть системно.

Есть 15 минут на короткий созвон на этой неделе — покажу, как это выглядит на практике?

Если не хотите получать такие письма — ответьте «не пишите больше», и я уберу вас из базы.","ещё один пример, вдруг актуальнее","Возвращаюсь с другого угла — ещё один заход, вдруг он окажется актуальнее.

Часто отдел продаж тратит половину времени не на переговоры, а на поиск, кому вообще писать. Мы берём это на себя: сбор базы, персонализация, цепочка писем — на выходе не список контактов, а уже тёплые ответы в почте.

Не буду называть цифры по чужим прогонам — их всё равно не проверить со стороны. Могу вместо этого показать сам процесс: как собираем базу под вашу нишу и почему пишем именно этой компании, а не всем подряд.

Если тема резонирует — готова показать, как это можно настроить под вас конкретно, без обязательств.

Если не хотите получать такие письма — ответьте «не пишите больше», и я уберу вас из базы.",закрываю тему с моей стороны,"Не хочу быть навязчивой — это последнее письмо от меня по этой теме.

Если сейчас не время думать про новый канал лидогенерации — полностью понимаю, оставлю вас в покое.

Если всё же интересно посмотреть, как холодный аутрич может выглядеть у вас — просто ответьте одним словом ""интересно"", и я пришлю короткий пример без долгих созвонов.

Спасибо, что дочитали до третьего письма — это уже неплохой знак :)

Если не хотите получать такие письма — просто не отвечайте, я больше не побеспокою."
Mediascope,team@mediascope.net,Откуда у вас новые B2B-клиенты?,"Здравствуйте!

Mediascope признана одним из лучших работодателей России в рейтинге HH.ru за 2025 год. Поэтому пишу именно вам, а не рассылаю по всей базе подряд.

Мы в Polza Agency настраиваем холодный email-аутрич под ключ: от сбора базы под вашу ЦА до писем, которые реально открывают и на них отвечают. Клиенты получают входящие заявки на встречи без найма ещё одного продавца.

Если сейчас лидогенерация держится на входящих с сайта или рекомендациях — это тот кусок, который можно закрыть системно.

Есть 15 минут на короткий созвон на этой неделе — покажу, как это выглядит на практике?

Если не хотите получать такие письма — ответьте «не пишите больше», и я уберу вас из базы.","ещё один пример, вдруг актуальнее","Возвращаюсь с другого угла — ещё один заход, вдруг он окажется актуальнее.

Часто отдел продаж тратит половину времени не на переговоры, а на поиск, кому вообще писать. Мы берём это на себя: сбор базы, персонализация, цепочка писем — на выходе не список контактов, а уже тёплые ответы в почте.

Не буду называть цифры по чужим прогонам — их всё равно не проверить со стороны. Могу вместо этого показать сам процесс: как собираем базу под вашу нишу и почему пишем именно этой компании, а не всем подряд.

Если тема резонирует — готова показать, как это можно настроить под вас конкретно, без обязательств.

Если не хотите получать такие письма — ответьте «не пишите больше», и я уберу вас из базы.",закрываю тему с моей стороны,"Не хочу быть навязчивой — это последнее письмо от меня по этой теме.

Если сейчас не время думать про новый канал лидогенерации — полностью понимаю, оставлю вас в покое.

Если всё же интересно посмотреть, как холодный аутрич может выглядеть у вас — просто ответьте одним словом ""интересно"", и я пришлю короткий пример без долгих созвонов.

Спасибо, что дочитали до третьего письма — это уже неплохой знак :)

Если не хотите получать такие письма — просто не отвечайте, я больше не побеспокою."
Frank RG,info@frankrg.com,Откуда у вас новые B2B-клиенты?,"Здравствуйте!

С 2008 года Frank RG проводит исследования банковской индустрии и уже более десяти лет поставляет аналитические данные крупнейшим банкам России, включая ежемесячные отчёты по ипотечному рынку (например, итоги июня 2026 г.). Поэтому пишу именно вам, а не рассылаю по всей базе подряд.

Мы в Polza Agency настраиваем холодный email-аутрич под ключ: от сбора базы под вашу ЦА до писем, которые реально открывают и на них отвечают. Клиенты получают входящие заявки на встречи без найма ещё одного продавца.

Если сейчас лидогенерация держится на входящих с сайта или рекомендациях — это тот кусок, который можно закрыть системно.

Есть 15 минут на короткий созвон на этой неделе — покажу, как это выглядит на практике?

Если не хотите получать такие письма — ответьте «не пишите больше», и я уберу вас из базы.","ещё один пример, вдруг актуальнее","Возвращаюсь с другого угла — ещё один заход, вдруг он окажется актуальнее.

Часто отдел продаж тратит половину времени не на переговоры, а на поиск, кому вообще писать. Мы берём это на себя: сбор базы, персонализация, цепочка писем — на выходе не список контактов, а уже тёплые ответы в почте.

Не буду называть цифры по чужим прогонам — их всё равно не проверить со стороны. Могу вместо этого показать сам процесс: как собираем базу под вашу нишу и почему пишем именно этой компании, а не всем подряд.

Если тема резонирует — готова показать, как это можно настроить под вас конкретно, без обязательств.

Если не хотите получать такие письма — ответьте «не пишите больше», и я уберу вас из базы.",закрываю тему с моей стороны,"Не хочу быть навязчивой — это последнее письмо от меня по этой теме.

Если сейчас не время думать про новый канал лидогенерации — полностью понимаю, оставлю вас в покое.

Если всё же интересно посмотреть, как холодный аутрич может выглядеть у вас — просто ответьте одним словом ""интересно"", и я пришлю короткий пример без долгих созвонов.

Спасибо, что дочитали до третьего письма — это уже неплохой знак :)

Если не хотите получать такие письма — просто не отвечайте, я больше не побеспокою."
Novikov Marketing Consulting,NovikovConsulting@yandex.ru,Откуда у вас новые B2B-клиенты?,"Здравствуйте!

Надёжный партнёр с более чем десятилетним опытом работы в сфере B2B- и B2C-маркетинга, специализирующийся на проектах с большими чеками и долгосрочной перспективе. Поэтому пишу именно вам, а не рассылаю по всей базе подряд.

Мы в Polza Agency настраиваем холодный email-аутрич под ключ: от сбора базы под вашу ЦА до писем, которые реально открывают и на них отвечают. Клиенты получают входящие заявки на встречи без найма ещё одного продавца.

Если сейчас лидогенерация держится на входящих с сайта или рекомендациях — это тот кусок, который можно закрыть системно.

Есть 15 минут на короткий созвон на этой неделе — покажу, как это выглядит на практике?

Если не хотите получать такие письма — ответьте «не пишите больше», и я уберу вас из базы.","ещё один пример, вдруг актуальнее","Возвращаюсь с другого угла — ещё один заход, вдруг он окажется актуальнее.

Часто отдел продаж тратит половину времени не на переговоры, а на поиск, кому вообще писать. Мы берём это на себя: сбор базы, персонализация, цепочка писем — на выходе не список контактов, а уже тёплые ответы в почте.

Не буду называть цифры по чужим прогонам — их всё равно не проверить со стороны. Могу вместо этого показать сам процесс: как собираем базу под вашу нишу и почему пишем именно этой компании, а не всем подряд.

Если тема резонирует — готова показать, как это можно настроить под вас конкретно, без обязательств.

Если не хотите получать такие письма — ответьте «не пишите больше», и я уберу вас из базы.",закрываю тему с моей стороны,"Не хочу быть навязчивой — это последнее письмо от меня по этой теме.

Если сейчас не время думать про новый канал лидогенерации — полностью понимаю, оставлю вас в покое.

Если всё же интересно посмотреть, как холодный аутрич может выглядеть у вас — просто ответьте одним словом ""интересно"", и я пришлю короткий пример без долгих созвонов.

Спасибо, что дочитали до третьего письма — это уже неплохой знак :)

Если не хотите получать такие письма — просто не отвечайте, я больше не побеспокою."
