Письмо,Когда отправлять,Тема,Тело
Письмо 1,день 0 — первое касание,{{тема}},"{{приветствие}}

{{персонализация}}

Мы в Polza Agency настраиваем холодный email-аутрич под ключ: от сбора базы под вашу ЦА до писем, которые реально открывают и на них отвечают. Клиенты получают входящие заявки на встречи без найма ещё одного продавца.

Если сейчас лидогенерация держится на входящих с сайта или рекомендациях — это тот кусок, который можно закрыть системно.

Есть 15 минут на короткий созвон на этой неделе — покажу, как это выглядит на практике?

{{подпись}}

Если не хотите получать такие письма — ответьте «не пишите больше», и я уберу вас из базы."
Письмо 2,через 3 дня после письма 1,"ещё один пример, вдруг актуальнее","{{вступление_2}}

Часто отдел продаж тратит половину времени не на переговоры, а на поиск, кому вообще писать. Мы берём это на себя: сбор базы, персонализация, цепочка писем — на выходе не список контактов, а уже тёплые ответы в почте.

Не буду называть цифры по чужим прогонам — их всё равно не проверить со стороны. Могу вместо этого показать сам процесс: как собираем базу под вашу нишу и почему пишем именно этой компании, а не всем подряд.

Если тема резонирует — готова показать, как это можно настроить под вас конкретно, без обязательств.

{{подпись}}

Если не хотите получать такие письма — ответьте «не пишите больше», и я уберу вас из базы."
Письмо 3,через 5 дней после письма 2,закрываю тему с моей стороны,"{{вступление_3}}

Если сейчас не время думать про новый канал лидогенерации — полностью понимаю, оставлю вас в покое.

Если всё же интересно посмотреть, как холодный аутрич может выглядеть у вас — просто ответьте одним словом ""интересно"", и я пришлю короткий пример без долгих созвонов.

Спасибо, что дочитали до третьего письма — это уже неплохой знак :)

{{подпись}}

Если не хотите получать такие письма — просто не отвечайте, я больше не побеспокою."
